{
	"easycom": {
		"^u-(.*)": "@/uview-ui/components/u-$1/u-$1.vue"
	},
	"pages": [ //pages数组中第一项表示应用启动页，参考：https://uniapp.dcloud.io/collocation/pages
		{
			"path": "pages/wz/open",
			"style": {
				"navigationBarTitleText": "",
				"enablePullDownRefresh": false,
				"navigationStyle": "custom"
			}

		},
		{
			"path": "pages/index/index",
			"style": {
				"navigationBarTitleText": "库存"
			}
		}, {
			"path": "pages/dxy/myself",
			"style": {
				"navigationBarTitleText": "我的",
				"enablePullDownRefresh": true,
				"navigationBarBackgroundColor": "#c6c7c6"
			}

		}, 
		{
			"path": "pages/dxy/sale",
			"style": {
				"navigationBarTitleText": "销售开单",
				"enablePullDownRefresh": false
			}
			
			
		},
			{
				"path": "pages/dxy/purchase",
				"style": {
					"navigationBarTitleText": "进货开单",
					"enablePullDownRefresh": false
				}
				},
			{
				"path": "pages/dxy/return",
				"style": {
					"navigationBarTitleText": "退换开单",
					"enablePullDownRefresh": false
				}
			
			},

		 {
			"path": "pages/wz/login",
			"style": {
				"navigationBarTitleText": "登录",
				"enablePullDownRefresh": false
			}

		}, {
			"path": "pages/wz/queryOrders",
			"style": {
				"navigationBarTitleText": "订单信息",
				"enablePullDownRefresh": false
			}

		}, {
			"path": "pages/wz/editmyinfo",
			"style": {
				"navigationBarTitleText": "更改个人信息",
				"enablePullDownRefresh": false
			}

		}, {
			"path": "pages/wz/queryCustomer",
			"style": {
				"navigationBarTitleText": "客户信息",
				"enablePullDownRefresh": false
			}

		}, {
			"path": "pages/wz/customer",
			"style": {
				"navigationBarTitleText": "客户详情",
				"enablePullDownRefresh": false
			}

		},
		{
			"path": "pages/wz/performance",
			"style": {
				"navigationBarTitleText": "月度业绩",
				"enablePullDownRefresh": false
			}

		},

		{
		    "path" : "pages/dxy/ChooseCustomer",
		    "style" :                                                                                    
		    {
		        "navigationBarTitleText": "选择客户",
		        "enablePullDownRefresh": false
		    }
		    
		},
		{
			"path": "pages/tabbar/tabbar-index/tabbar-index",
			"style": {
				"navigationBarTitleText": "雷云康"
			}
		},
		{
			"path": "pages/tabbar/tabbar-inventory/tabbar-inventory",
			"style": {}
		},
		{
			"path": "pages/tabbar/tabbar-manage/tabbar-manage",
			"style": {}
		},
		{
			"path": "pages/tabbar/tabbar-my/tabbar-my",
			"style": {}
		},
		{
			"path": "pages/tabbar/tabbar-purchase/tabbar-purchase",
			"style": {}
		},
		{
			"path": "pages/tabbar/tabbar-return/tabbar-return",
			"style": {}
		},
		{
			"path": "pages/tabbar/tabbar-sale/tabbar-sale",
			"style": {}
		},
		{
			"path": "pages/tabbar-inventory-detial/tabbar-inventory-sub/tabbar-inventory-sub",
			"style": {}
		},
		{
			"path": "pages/tabbar-inventory-detial/tabbar-search/tabbar-search",
			"style": {}
		},
		{
			"path": "pages/tabbar-inventory-detial/tabbar-search1/tabbar-search1",
			"style": {}
		},
		{
			"path": "pages/tabbar-sale-detial/tabbar-sale-sub/tabbar-sale-sub",
			"style": {}
		},
		{
			"path": "pages/tabbar-sale-detial/tabbar-search/tabbar-search",
			"style": {}
		},
		
		{
			"path": "pages/tabbar-purchase-detial/tabbar-purchase-sub/tabbar-purchase-sub",
			"style": {}
		},
		{
			"path": "pages/tabbar-purchase-detial/tabbar-search/tabbar-search",
			"style": {}
		},
		{
			"path": "pages/tabbar-return-detial/tabbar-return-sub/tabbar-return-sub",
			"style": {}
		},
		
		{
			"path": "pages/tabbar-return-detial/tabbar-search/tabbar-search",
			"style": {}
		},
		{
			"path": "pages/tabbar-manage-detial/tabbar-manage-sub/tabbar-manage-sub",
			"style": {}
		},
		{
			"path": "pages/tabbar-manage-detial/tabbar-search/tabbar-search",
			"style": {}
		},
		{
		    "path" : "pages/dxy/choosecar",
		    "style" :                                                                                    
		    {
		        "navigationBarTitleText": "选择待出库汽车",
		        "enablePullDownRefresh": false
		    }
		    
		},
		{
		    "path" : "pages/dxy/choosecar - return",
		    "style" :                                                                                    
		    {
		        "navigationBarTitleText": "选择待出库汽车",
		        "enablePullDownRefresh": false
		    }
		    
		},
		{
		    "path" : "pages/dxy/choosecar - purchase",
		    "style" :                                                                                    
		    {
		        "navigationBarTitleText": "选择待入库汽车",
		        "enablePullDownRefresh": false
		    }
		    
		}
	],
/* 	"tabBar": {
		"list": [{
				"pagePath": "pages/index/index"
			},
			{
				"pagePath": "pages/dxy/sale"
			},
			{
				"pagePath": "pages/dxy/myself"
			}
		]
	}, */
	"tabBar": {
		"borderStyle": "black",
		"backgroundColor": "#ffffff",
		"color": "#8F8F94",
		"selectedColor": "#f33e54",
		"list": [{
				"pagePath": "pages/tabbar/tabbar-index/tabbar-index",
				"iconPath": "static/img/tabbar/home.png",
				"selectedIconPath": "static/img/tabbar/homeactive.png",
				"text": "首页"
			},
			{
				"pagePath": "pages/tabbar/tabbar-inventory/tabbar-inventory",
				"iconPath": "static/img/tabbar/图片5.png",
				"selectedIconPath": "static/img/tabbar/图片6.png",
				"text": "库存"
			},
			{
				"pagePath": "pages/tabbar/tabbar-purchase/tabbar-purchase",
				"iconPath": "static/img/tabbar/图片7.png",
				"selectedIconPath": "static/img/tabbar/图片8.png",
				"text": "进货"
			},
			{
				"pagePath": "pages/tabbar/tabbar-sale/tabbar-sale",
				"iconPath": "static/img/tabbar/图片7.png",
				"selectedIconPath": "static/img/tabbar/图片8.png",
				"text": "销售"
			},
			{
				"pagePath": "pages/tabbar/tabbar-return/tabbar-return",
				"iconPath": "static/img/tabbar/图片7.png",
				"selectedIconPath": "static/img/tabbar/图片8.png",
				"text": "退换"
			},
			/* {
				"pagePath": "pages/tabbar/tabbar-manage/tabbar-manage",
				"iconPath": "static/img/tabbar/图片1.png",
				"selectedIconPath": "static/img/tabbar/图片2.png",
				"text": "管理"
			}, */
			{
				"pagePath": "pages/tabbar/tabbar-my/tabbar-my",
				"iconPath": "static/img/tabbar/me.png",
				"selectedIconPath": "static/img/tabbar/meactive.png",
				"text": "我的"
			}
		]
	},
	"globalStyle": {
		"navigationBarTextStyle": "black",
		"navigationBarTitleText": "雷云康",
		"navigationBarBackgroundColor": "#F8F8F8",
		"backgroundColor": "#F8F8F8"
	},
	"uniIdRouter": {}
}